INSERT INTO dbo.CellBlock (cellBlockId) VALUES ('A');
INSERT INTO dbo.CellBlock (cellBlockId) VALUES ('B');
INSERT INTO dbo.CellBlock (cellBlockId) VALUES ('C');
INSERT INTO dbo.CellBlock (cellBlockId) VALUES ('D');
INSERT INTO dbo.Cell (cellNr, isolationCell, size, cellBlock) VALUES ('A1',1,'1', 'A');
INSERT INTO dbo.Cell (cellNr, isolationCell, size, cellBlock) VALUES ('A2',1,'1', 'A');
INSERT INTO dbo.Cell (cellNr, isolationCell, size, cellBlock) VALUES ('A3',1,'1', 'A');
INSERT INTO dbo.Cell (cellNr, isolationCell, size, cellBlock) VALUES ('A4',1,'1', 'A');
INSERT INTO dbo.Cell (cellNr, isolationCell, size, cellBlock) VALUES ('A5',1,'1', 'A');
INSERT INTO dbo.Cell (cellNr, isolationCell, size, cellBlock) VALUES ('A6',1,'1', 'A');
INSERT INTO dbo.Cell (cellNr, isolationCell, size, cellBlock) VALUES ('A7',1,'1', 'A');
INSERT INTO dbo.Cell (cellNr, isolationCell, size, cellBlock) VALUES ('A8',1,'1', 'A');
INSERT INTO dbo.Cell (cellNr, isolationCell, size, cellBlock) VALUES ('A9',1,'1', 'A');
INSERT INTO dbo.Cell (cellNr, isolationCell, size, cellBlock) VALUES ('A10',1,'1', 'A');
INSERT INTO dbo.Cell (cellNr, isolationCell, size, cellBlock) VALUES ('A11','','1', 'A');
INSERT INTO dbo.Cell (cellNr, isolationCell, size, cellBlock) VALUES ('A12','','1', 'A');
INSERT INTO dbo.Cell (cellNr, isolationCell, size, cellBlock) VALUES ('A13','','1', 'A');
INSERT INTO dbo.Cell (cellNr, isolationCell, size, cellBlock) VALUES ('A14','','1', 'A');
INSERT INTO dbo.Cell (cellNr, isolationCell, size, cellBlock) VALUES ('A15','','1', 'A');
INSERT INTO dbo.Cell (cellNr, isolationCell, size, cellBlock) VALUES ('A16','','1', 'A');
INSERT INTO dbo.Cell (cellNr, isolationCell, size, cellBlock) VALUES ('A17','','1', 'A');
INSERT INTO dbo.Cell (cellNr, isolationCell, size, cellBlock) VALUES ('A18','','1', 'A');
INSERT INTO dbo.Cell (cellNr, isolationCell, size, cellBlock) VALUES ('A19','','1', 'A');
INSERT INTO dbo.Cell (cellNr, isolationCell, size, cellBlock) VALUES ('A20','','1', 'A');
INSERT INTO dbo.Cell (cellNr, isolationCell, size, cellBlock) VALUES ('A21','','1', 'A');
INSERT INTO dbo.Cell (cellNr, isolationCell, size, cellBlock) VALUES ('A22','','1', 'A');
INSERT INTO dbo.Cell (cellNr, isolationCell, size, cellBlock) VALUES ('A23','','1', 'A');
INSERT INTO dbo.Cell (cellNr, isolationCell, size, cellBlock) VALUES ('A24','','1', 'A');
INSERT INTO dbo.Cell (cellNr, isolationCell, size, cellBlock) VALUES ('A25','','1', 'A');
INSERT INTO dbo.Cell (cellNr, isolationCell, size, cellBlock) VALUES ('A26','','1', 'A');
INSERT INTO dbo.Cell (cellNr, isolationCell, size, cellBlock) VALUES ('A27','','1', 'A');
INSERT INTO dbo.Cell (cellNr, isolationCell, size, cellBlock) VALUES ('A28','','1', 'A');
INSERT INTO dbo.Cell (cellNr, isolationCell, size, cellBlock) VALUES ('A29','','1', 'A');
INSERT INTO dbo.Cell (cellNr, isolationCell, size, cellBlock) VALUES ('A30','','1', 'A');
INSERT INTO dbo.Cell (cellNr, isolationCell, size, cellBlock) VALUES ('A31','','1', 'A');
INSERT INTO dbo.Cell (cellNr, isolationCell, size, cellBlock) VALUES ('A32','','1', 'A');
INSERT INTO dbo.Cell (cellNr, isolationCell, size, cellBlock) VALUES ('A33','','1', 'A');
INSERT INTO dbo.Cell (cellNr, isolationCell, size, cellBlock) VALUES ('A34','','1', 'A');
INSERT INTO dbo.Cell (cellNr, isolationCell, size, cellBlock) VALUES ('A35','','1', 'A');
INSERT INTO dbo.Cell (cellNr, isolationCell, size, cellBlock) VALUES ('A36','','1', 'A');
INSERT INTO dbo.Cell (cellNr, isolationCell, size, cellBlock) VALUES ('A37','','1', 'A');
INSERT INTO dbo.Cell (cellNr, isolationCell, size, cellBlock) VALUES ('A38','','1', 'A');
INSERT INTO dbo.Cell (cellNr, isolationCell, size, cellBlock) VALUES ('A39','','1', 'A');
INSERT INTO dbo.Cell (cellNr, isolationCell, size, cellBlock) VALUES ('A40','','1', 'A');
INSERT INTO dbo.Cell (cellNr, isolationCell, size, cellBlock) VALUES ('A41','','1', 'A');
INSERT INTO dbo.Cell (cellNr, isolationCell, size, cellBlock) VALUES ('A42','','1', 'A');
INSERT INTO dbo.Cell (cellNr, isolationCell, size, cellBlock) VALUES ('A43','','1', 'A');
INSERT INTO dbo.Cell (cellNr, isolationCell, size, cellBlock) VALUES ('A44','','1', 'A');
INSERT INTO dbo.Cell (cellNr, isolationCell, size, cellBlock) VALUES ('A45','','1', 'A');
INSERT INTO dbo.Cell (cellNr, isolationCell, size, cellBlock) VALUES ('A46','','1', 'A');
INSERT INTO dbo.Cell (cellNr, isolationCell, size, cellBlock) VALUES ('A47','','1', 'A');
INSERT INTO dbo.Cell (cellNr, isolationCell, size, cellBlock) VALUES ('A48','','1', 'A');
INSERT INTO dbo.Cell (cellNr, isolationCell, size, cellBlock) VALUES ('A49','','1', 'A');
INSERT INTO dbo.Cell (cellNr, isolationCell, size, cellBlock) VALUES ('A50','','2', 'A');
INSERT INTO dbo.Cell (cellNr, isolationCell, size, cellBlock) VALUES ('A51','','2', 'A');
INSERT INTO dbo.Cell (cellNr, isolationCell, size, cellBlock) VALUES ('A52','','2', 'A');
INSERT INTO dbo.Cell (cellNr, isolationCell, size, cellBlock) VALUES ('A53','','2', 'A');
INSERT INTO dbo.Cell (cellNr, isolationCell, size, cellBlock) VALUES ('A54','','2', 'A');
INSERT INTO dbo.Cell (cellNr, isolationCell, size, cellBlock) VALUES ('A55','','2', 'A');
INSERT INTO dbo.Cell (cellNr, isolationCell, size, cellBlock) VALUES ('A56','','2', 'A');
INSERT INTO dbo.Cell (cellNr, isolationCell, size, cellBlock) VALUES ('A57','','2', 'A');
INSERT INTO dbo.Cell (cellNr, isolationCell, size, cellBlock) VALUES ('A58','','2', 'A');
INSERT INTO dbo.Cell (cellNr, isolationCell, size, cellBlock) VALUES ('A59','','2', 'A');
INSERT INTO dbo.Cell (cellNr, isolationCell, size, cellBlock) VALUES ('A60','','2', 'A');
INSERT INTO dbo.Cell (cellNr, isolationCell, size, cellBlock) VALUES ('B1',1,'1', 'B');
INSERT INTO dbo.Cell (cellNr, isolationCell, size, cellBlock) VALUES ('B2',1,'1', 'B');
INSERT INTO dbo.Cell (cellNr, isolationCell, size, cellBlock) VALUES ('B3',1,'1', 'B');
INSERT INTO dbo.Cell (cellNr, isolationCell, size, cellBlock) VALUES ('B4',1,'1', 'B');
INSERT INTO dbo.Cell (cellNr, isolationCell, size, cellBlock) VALUES ('B5',1,'1', 'B');
INSERT INTO dbo.Cell (cellNr, isolationCell, size, cellBlock) VALUES ('B6',1,'1', 'B');
INSERT INTO dbo.Cell (cellNr, isolationCell, size, cellBlock) VALUES ('B7',1,'1', 'B');
INSERT INTO dbo.Cell (cellNr, isolationCell, size, cellBlock) VALUES ('B8',1,'1', 'B');
INSERT INTO dbo.Cell (cellNr, isolationCell, size, cellBlock) VALUES ('B9',1,'1', 'B');
INSERT INTO dbo.Cell (cellNr, isolationCell, size, cellBlock) VALUES ('B10',1,'1', 'B');
INSERT INTO dbo.Cell (cellNr, isolationCell, size, cellBlock) VALUES ('B11','','1', 'B');
INSERT INTO dbo.Cell (cellNr, isolationCell, size, cellBlock) VALUES ('B12','','1', 'B');
INSERT INTO dbo.Cell (cellNr, isolationCell, size, cellBlock) VALUES ('B13','','1', 'B');
INSERT INTO dbo.Cell (cellNr, isolationCell, size, cellBlock) VALUES ('B14','','1', 'B');
INSERT INTO dbo.Cell (cellNr, isolationCell, size, cellBlock) VALUES ('B15','','1', 'B');
INSERT INTO dbo.Cell (cellNr, isolationCell, size, cellBlock) VALUES ('B16','','1', 'B');
INSERT INTO dbo.Cell (cellNr, isolationCell, size, cellBlock) VALUES ('B17','','1', 'B');
INSERT INTO dbo.Cell (cellNr, isolationCell, size, cellBlock) VALUES ('B18','','1', 'B');
INSERT INTO dbo.Cell (cellNr, isolationCell, size, cellBlock) VALUES ('B19','','1', 'B');
INSERT INTO dbo.Cell (cellNr, isolationCell, size, cellBlock) VALUES ('B20','','1', 'B');
INSERT INTO dbo.Cell (cellNr, isolationCell, size, cellBlock) VALUES ('B21','','1', 'B');
INSERT INTO dbo.Cell (cellNr, isolationCell, size, cellBlock) VALUES ('B22','','1', 'B');
INSERT INTO dbo.Cell (cellNr, isolationCell, size, cellBlock) VALUES ('B23','','1', 'B');
INSERT INTO dbo.Cell (cellNr, isolationCell, size, cellBlock) VALUES ('B24','','1', 'B');
INSERT INTO dbo.Cell (cellNr, isolationCell, size, cellBlock) VALUES ('B25','','1', 'B');
INSERT INTO dbo.Cell (cellNr, isolationCell, size, cellBlock) VALUES ('B26','','1', 'B');
INSERT INTO dbo.Cell (cellNr, isolationCell, size, cellBlock) VALUES ('B27','','1', 'B');
INSERT INTO dbo.Cell (cellNr, isolationCell, size, cellBlock) VALUES ('B28','','1', 'B');
INSERT INTO dbo.Cell (cellNr, isolationCell, size, cellBlock) VALUES ('B29','','1', 'B');
INSERT INTO dbo.Cell (cellNr, isolationCell, size, cellBlock) VALUES ('B30','','1', 'B');
INSERT INTO dbo.Cell (cellNr, isolationCell, size, cellBlock) VALUES ('B31','','1', 'B');
INSERT INTO dbo.Cell (cellNr, isolationCell, size, cellBlock) VALUES ('B32','','1', 'B');
INSERT INTO dbo.Cell (cellNr, isolationCell, size, cellBlock) VALUES ('B33','','1', 'B');
INSERT INTO dbo.Cell (cellNr, isolationCell, size, cellBlock) VALUES ('B34','','1', 'B');
INSERT INTO dbo.Cell (cellNr, isolationCell, size, cellBlock) VALUES ('B35','','1', 'B');
INSERT INTO dbo.Cell (cellNr, isolationCell, size, cellBlock) VALUES ('B36','','1', 'B');
INSERT INTO dbo.Cell (cellNr, isolationCell, size, cellBlock) VALUES ('B37','','1', 'B');
INSERT INTO dbo.Cell (cellNr, isolationCell, size, cellBlock) VALUES ('B38','','1', 'B');
INSERT INTO dbo.Cell (cellNr, isolationCell, size, cellBlock) VALUES ('B39','','1', 'B');
INSERT INTO dbo.Cell (cellNr, isolationCell, size, cellBlock) VALUES ('B40','','1', 'B');
INSERT INTO dbo.Cell (cellNr, isolationCell, size, cellBlock) VALUES ('B41','','1', 'B');
INSERT INTO dbo.Cell (cellNr, isolationCell, size, cellBlock) VALUES ('B42','','1', 'B');
INSERT INTO dbo.Cell (cellNr, isolationCell, size, cellBlock) VALUES ('B43','','1', 'B');
INSERT INTO dbo.Cell (cellNr, isolationCell, size, cellBlock) VALUES ('B44','','1', 'B');
INSERT INTO dbo.Cell (cellNr, isolationCell, size, cellBlock) VALUES ('B45','','1', 'B');
INSERT INTO dbo.Cell (cellNr, isolationCell, size, cellBlock) VALUES ('B46','','1', 'B');
INSERT INTO dbo.Cell (cellNr, isolationCell, size, cellBlock) VALUES ('B47','','1', 'B');
INSERT INTO dbo.Cell (cellNr, isolationCell, size, cellBlock) VALUES ('B48','','1', 'B');
INSERT INTO dbo.Cell (cellNr, isolationCell, size, cellBlock) VALUES ('B49','','1', 'B');
INSERT INTO dbo.Cell (cellNr, isolationCell, size, cellBlock) VALUES ('B50','','2', 'B');
INSERT INTO dbo.Cell (cellNr, isolationCell, size, cellBlock) VALUES ('B51','','2', 'B');
INSERT INTO dbo.Cell (cellNr, isolationCell, size, cellBlock) VALUES ('B52','','2', 'B');
INSERT INTO dbo.Cell (cellNr, isolationCell, size, cellBlock) VALUES ('B53','','2', 'B');
INSERT INTO dbo.Cell (cellNr, isolationCell, size, cellBlock) VALUES ('B54','','2', 'B');
INSERT INTO dbo.Cell (cellNr, isolationCell, size, cellBlock) VALUES ('B55','','2', 'B');
INSERT INTO dbo.Cell (cellNr, isolationCell, size, cellBlock) VALUES ('B56','','2', 'B');
INSERT INTO dbo.Cell (cellNr, isolationCell, size, cellBlock) VALUES ('B57','','2', 'B');
INSERT INTO dbo.Cell (cellNr, isolationCell, size, cellBlock) VALUES ('B58','','2', 'B');
INSERT INTO dbo.Cell (cellNr, isolationCell, size, cellBlock) VALUES ('B59','','2', 'B');
INSERT INTO dbo.Cell (cellNr, isolationCell, size, cellBlock) VALUES ('B60','','2', 'B');
INSERT INTO dbo.Cell (cellNr, isolationCell, size, cellBlock) VALUES ('C1',1,'1', 'C');
INSERT INTO dbo.Cell (cellNr, isolationCell, size, cellBlock) VALUES ('C2',1,'1', 'C');
INSERT INTO dbo.Cell (cellNr, isolationCell, size, cellBlock) VALUES ('C3',1,'1', 'C');
INSERT INTO dbo.Cell (cellNr, isolationCell, size, cellBlock) VALUES ('C4',1,'1', 'C');
INSERT INTO dbo.Cell (cellNr, isolationCell, size, cellBlock) VALUES ('C5',1,'1', 'C');
INSERT INTO dbo.Cell (cellNr, isolationCell, size, cellBlock) VALUES ('C6',1,'1', 'C');
INSERT INTO dbo.Cell (cellNr, isolationCell, size, cellBlock) VALUES ('C7',1,'1', 'C');
INSERT INTO dbo.Cell (cellNr, isolationCell, size, cellBlock) VALUES ('C8',1,'1', 'C');
INSERT INTO dbo.Cell (cellNr, isolationCell, size, cellBlock) VALUES ('C9',1,'1', 'C');
INSERT INTO dbo.Cell (cellNr, isolationCell, size, cellBlock) VALUES ('C10',1,'1', 'C');
INSERT INTO dbo.Cell (cellNr, isolationCell, size, cellBlock) VALUES ('C11','','1', 'C');
INSERT INTO dbo.Cell (cellNr, isolationCell, size, cellBlock) VALUES ('C12','','1', 'C');
INSERT INTO dbo.Cell (cellNr, isolationCell, size, cellBlock) VALUES ('C13','','1', 'C');
INSERT INTO dbo.Cell (cellNr, isolationCell, size, cellBlock) VALUES ('C14','','1', 'C');
INSERT INTO dbo.Cell (cellNr, isolationCell, size, cellBlock) VALUES ('C15','','1', 'C');
INSERT INTO dbo.Cell (cellNr, isolationCell, size, cellBlock) VALUES ('C16','','1', 'C');
INSERT INTO dbo.Cell (cellNr, isolationCell, size, cellBlock) VALUES ('C17','','1', 'C');
INSERT INTO dbo.Cell (cellNr, isolationCell, size, cellBlock) VALUES ('C18','','1', 'C');
INSERT INTO dbo.Cell (cellNr, isolationCell, size, cellBlock) VALUES ('C19','','1', 'C');
INSERT INTO dbo.Cell (cellNr, isolationCell, size, cellBlock) VALUES ('C20','','1', 'C');
INSERT INTO dbo.Cell (cellNr, isolationCell, size, cellBlock) VALUES ('C21','','1', 'C');
INSERT INTO dbo.Cell (cellNr, isolationCell, size, cellBlock) VALUES ('C22','','1', 'C');
INSERT INTO dbo.Cell (cellNr, isolationCell, size, cellBlock) VALUES ('C23','','1', 'C');
INSERT INTO dbo.Cell (cellNr, isolationCell, size, cellBlock) VALUES ('C24','','1', 'C');
INSERT INTO dbo.Cell (cellNr, isolationCell, size, cellBlock) VALUES ('C25','','1', 'C');
INSERT INTO dbo.Cell (cellNr, isolationCell, size, cellBlock) VALUES ('C26','','1', 'C');
INSERT INTO dbo.Cell (cellNr, isolationCell, size, cellBlock) VALUES ('C27','','1', 'C');
INSERT INTO dbo.Cell (cellNr, isolationCell, size, cellBlock) VALUES ('C28','','1', 'C');
INSERT INTO dbo.Cell (cellNr, isolationCell, size, cellBlock) VALUES ('C29','','1', 'C');
INSERT INTO dbo.Cell (cellNr, isolationCell, size, cellBlock) VALUES ('C30','','1', 'C');
INSERT INTO dbo.Cell (cellNr, isolationCell, size, cellBlock) VALUES ('C31','','1', 'C');
INSERT INTO dbo.Cell (cellNr, isolationCell, size, cellBlock) VALUES ('C32','','1', 'C');
INSERT INTO dbo.Cell (cellNr, isolationCell, size, cellBlock) VALUES ('C33','','1', 'C');
INSERT INTO dbo.Cell (cellNr, isolationCell, size, cellBlock) VALUES ('C34','','1', 'C');
INSERT INTO dbo.Cell (cellNr, isolationCell, size, cellBlock) VALUES ('C35','','1', 'C');
INSERT INTO dbo.Cell (cellNr, isolationCell, size, cellBlock) VALUES ('C36','','1', 'C');
INSERT INTO dbo.Cell (cellNr, isolationCell, size, cellBlock) VALUES ('C37','','1', 'C');
INSERT INTO dbo.Cell (cellNr, isolationCell, size, cellBlock) VALUES ('C38','','1', 'C');
INSERT INTO dbo.Cell (cellNr, isolationCell, size, cellBlock) VALUES ('C39','','1', 'C');
INSERT INTO dbo.Cell (cellNr, isolationCell, size, cellBlock) VALUES ('C40','','1', 'C');
INSERT INTO dbo.Cell (cellNr, isolationCell, size, cellBlock) VALUES ('C41','','1', 'C');
INSERT INTO dbo.Cell (cellNr, isolationCell, size, cellBlock) VALUES ('C42','','1', 'C');
INSERT INTO dbo.Cell (cellNr, isolationCell, size, cellBlock) VALUES ('C43','','1', 'C');
INSERT INTO dbo.Cell (cellNr, isolationCell, size, cellBlock) VALUES ('C44','','1', 'C');
INSERT INTO dbo.Cell (cellNr, isolationCell, size, cellBlock) VALUES ('C45','','1', 'C');
INSERT INTO dbo.Cell (cellNr, isolationCell, size, cellBlock) VALUES ('C46','','1', 'C');
INSERT INTO dbo.Cell (cellNr, isolationCell, size, cellBlock) VALUES ('C47','','1', 'C');
INSERT INTO dbo.Cell (cellNr, isolationCell, size, cellBlock) VALUES ('C48','','1', 'C');
INSERT INTO dbo.Cell (cellNr, isolationCell, size, cellBlock) VALUES ('C49','','1', 'C');
INSERT INTO dbo.Cell (cellNr, isolationCell, size, cellBlock) VALUES ('C50','','2', 'C');
INSERT INTO dbo.Cell (cellNr, isolationCell, size, cellBlock) VALUES ('C51','','2', 'C');
INSERT INTO dbo.Cell (cellNr, isolationCell, size, cellBlock) VALUES ('C52','','2', 'C');
INSERT INTO dbo.Cell (cellNr, isolationCell, size, cellBlock) VALUES ('C53','','2', 'C');
INSERT INTO dbo.Cell (cellNr, isolationCell, size, cellBlock) VALUES ('C54','','2', 'C');
INSERT INTO dbo.Cell (cellNr, isolationCell, size, cellBlock) VALUES ('C55','','2', 'C');
INSERT INTO dbo.Cell (cellNr, isolationCell, size, cellBlock) VALUES ('C56','','2', 'C');
INSERT INTO dbo.Cell (cellNr, isolationCell, size, cellBlock) VALUES ('C57','','2', 'C');
INSERT INTO dbo.Cell (cellNr, isolationCell, size, cellBlock) VALUES ('C58','','2', 'C');
INSERT INTO dbo.Cell (cellNr, isolationCell, size, cellBlock) VALUES ('C59','','2', 'C');
INSERT INTO dbo.Cell (cellNr, isolationCell, size, cellBlock) VALUES ('C60','','2', 'C');
INSERT INTO dbo.Cell (cellNr, isolationCell, size, cellBlock) VALUES ('D1',1,'1', 'D');
INSERT INTO dbo.Cell (cellNr, isolationCell, size, cellBlock) VALUES ('D2',1,'1', 'D');
INSERT INTO dbo.Cell (cellNr, isolationCell, size, cellBlock) VALUES ('D3',1,'1', 'D');
INSERT INTO dbo.Cell (cellNr, isolationCell, size, cellBlock) VALUES ('D4',1,'1', 'D');
INSERT INTO dbo.Cell (cellNr, isolationCell, size, cellBlock) VALUES ('D5',1,'1', 'D');
INSERT INTO dbo.Cell (cellNr, isolationCell, size, cellBlock) VALUES ('D6',1,'1', 'D');
INSERT INTO dbo.Cell (cellNr, isolationCell, size, cellBlock) VALUES ('D7',1,'1', 'D');
INSERT INTO dbo.Cell (cellNr, isolationCell, size, cellBlock) VALUES ('D8',1,'1', 'D');
INSERT INTO dbo.Cell (cellNr, isolationCell, size, cellBlock) VALUES ('D9',1,'1', 'D');
INSERT INTO dbo.Cell (cellNr, isolationCell, size, cellBlock) VALUES ('D10',1,'1', 'D');
INSERT INTO dbo.Cell (cellNr, isolationCell, size, cellBlock) VALUES ('D11','','1', 'D');
INSERT INTO dbo.Cell (cellNr, isolationCell, size, cellBlock) VALUES ('D12','','1', 'D');
INSERT INTO dbo.Cell (cellNr, isolationCell, size, cellBlock) VALUES ('D13','','1', 'D');
INSERT INTO dbo.Cell (cellNr, isolationCell, size, cellBlock) VALUES ('D14','','1', 'D');
INSERT INTO dbo.Cell (cellNr, isolationCell, size, cellBlock) VALUES ('D15','','1', 'D');
INSERT INTO dbo.Cell (cellNr, isolationCell, size, cellBlock) VALUES ('D16','','1', 'D');
INSERT INTO dbo.Cell (cellNr, isolationCell, size, cellBlock) VALUES ('D17','','1', 'D');
INSERT INTO dbo.Cell (cellNr, isolationCell, size, cellBlock) VALUES ('D18','','1', 'D');
INSERT INTO dbo.Cell (cellNr, isolationCell, size, cellBlock) VALUES ('D19','','1', 'D');
INSERT INTO dbo.Cell (cellNr, isolationCell, size, cellBlock) VALUES ('D20','','1', 'D');
INSERT INTO dbo.Cell (cellNr, isolationCell, size, cellBlock) VALUES ('D21','','1', 'D');
INSERT INTO dbo.Cell (cellNr, isolationCell, size, cellBlock) VALUES ('D22','','1', 'D');
INSERT INTO dbo.Cell (cellNr, isolationCell, size, cellBlock) VALUES ('D23','','1', 'D');
INSERT INTO dbo.Cell (cellNr, isolationCell, size, cellBlock) VALUES ('D24','','1', 'D');
INSERT INTO dbo.Cell (cellNr, isolationCell, size, cellBlock) VALUES ('D25','','1', 'D');
INSERT INTO dbo.Cell (cellNr, isolationCell, size, cellBlock) VALUES ('D26','','1', 'D');
INSERT INTO dbo.Cell (cellNr, isolationCell, size, cellBlock) VALUES ('D27','','1', 'D');
INSERT INTO dbo.Cell (cellNr, isolationCell, size, cellBlock) VALUES ('D28','','1', 'D');
INSERT INTO dbo.Cell (cellNr, isolationCell, size, cellBlock) VALUES ('D29','','1', 'D');
INSERT INTO dbo.Cell (cellNr, isolationCell, size, cellBlock) VALUES ('D30','','1', 'D');
INSERT INTO dbo.Cell (cellNr, isolationCell, size, cellBlock) VALUES ('D31','','1', 'D');
INSERT INTO dbo.Cell (cellNr, isolationCell, size, cellBlock) VALUES ('D32','','1', 'D');
INSERT INTO dbo.Cell (cellNr, isolationCell, size, cellBlock) VALUES ('D33','','1', 'D');
INSERT INTO dbo.Cell (cellNr, isolationCell, size, cellBlock) VALUES ('D34','','1', 'D');
INSERT INTO dbo.Cell (cellNr, isolationCell, size, cellBlock) VALUES ('D35','','1', 'D');
INSERT INTO dbo.Cell (cellNr, isolationCell, size, cellBlock) VALUES ('D36','','1', 'D');
INSERT INTO dbo.Cell (cellNr, isolationCell, size, cellBlock) VALUES ('D37','','1', 'D');
INSERT INTO dbo.Cell (cellNr, isolationCell, size, cellBlock) VALUES ('D38','','1', 'D');
INSERT INTO dbo.Cell (cellNr, isolationCell, size, cellBlock) VALUES ('D39','','1', 'D');
INSERT INTO dbo.Cell (cellNr, isolationCell, size, cellBlock) VALUES ('D40','','1', 'D');
INSERT INTO dbo.Cell (cellNr, isolationCell, size, cellBlock) VALUES ('D41','','1', 'D');
INSERT INTO dbo.Cell (cellNr, isolationCell, size, cellBlock) VALUES ('D42','','1', 'D');
INSERT INTO dbo.Cell (cellNr, isolationCell, size, cellBlock) VALUES ('D43','','1', 'D');
INSERT INTO dbo.Cell (cellNr, isolationCell, size, cellBlock) VALUES ('D44','','1', 'D');
INSERT INTO dbo.Cell (cellNr, isolationCell, size, cellBlock) VALUES ('D45','','1', 'D');
INSERT INTO dbo.Cell (cellNr, isolationCell, size, cellBlock) VALUES ('D46','','1', 'D');
INSERT INTO dbo.Cell (cellNr, isolationCell, size, cellBlock) VALUES ('D47','','1', 'D');
INSERT INTO dbo.Cell (cellNr, isolationCell, size, cellBlock) VALUES ('D48','','1', 'D');
INSERT INTO dbo.Cell (cellNr, isolationCell, size, cellBlock) VALUES ('D49','','1', 'D');
INSERT INTO dbo.Cell (cellNr, isolationCell, size, cellBlock) VALUES ('D50','','2', 'D');
INSERT INTO dbo.Cell (cellNr, isolationCell, size, cellBlock) VALUES ('D51','','2', 'D');
INSERT INTO dbo.Cell (cellNr, isolationCell, size, cellBlock) VALUES ('D52','','2', 'D');
INSERT INTO dbo.Cell (cellNr, isolationCell, size, cellBlock) VALUES ('D53','','2', 'D');
INSERT INTO dbo.Cell (cellNr, isolationCell, size, cellBlock) VALUES ('D54','','2', 'D');
INSERT INTO dbo.Cell (cellNr, isolationCell, size, cellBlock) VALUES ('D55','','2', 'D');
INSERT INTO dbo.Cell (cellNr, isolationCell, size, cellBlock) VALUES ('D56','','2', 'D');
INSERT INTO dbo.Cell (cellNr, isolationCell, size, cellBlock) VALUES ('D57','','2', 'D');
INSERT INTO dbo.Cell (cellNr, isolationCell, size, cellBlock) VALUES ('D58','','2', 'D');
INSERT INTO dbo.Cell (cellNr, isolationCell, size, cellBlock) VALUES ('D59','','2', 'D');
INSERT INTO dbo.Cell (cellNr, isolationCell, size, cellBlock) VALUES ('D60','','2', 'D');
INSERT INTO dbo.Crime (name, punishment) VALUES ('Murder', 4000);
INSERT INTO dbo.Crime (name, punishment) VALUES ('Manslaughter', 2000);
INSERT INTO dbo.Crime (name, punishment) VALUES ('Battery', 300);
INSERT INTO dbo.Crime (name, punishment) VALUES ('Arson', 200);
INSERT INTO dbo.Crime (name, punishment) VALUES ('Burglary', 250);
INSERT INTO dbo.Crime (name, punishment) VALUES ('High Treason', 10000);
INSERT INTO dbo.Crime (name, punishment) VALUES ('Forgery', 1000);
INSERT INTO dbo.Crime (name, punishment) VALUES ('Fraud', 1500);
INSERT INTO dbo.Crime (name, punishment) VALUES ('Mayhem', 100);
INSERT INTO dbo.Crime (name, punishment) VALUES ('Kidnapping', 1200);
INSERT INTO dbo.Job (name, duration) VALUES ('Kitchen', 300);
INSERT INTO dbo.Job (name, duration) VALUES ('Library', 150);
INSERT INTO dbo.Job (name, duration) VALUES ('Roadwork', 400);
INSERT INTO dbo.Job (name, duration) VALUES ('Carpenting', 200);
INSERT INTO dbo.Job (name, duration) VALUES ('Barber', 100);
INSERT INTO dbo.Job (name, duration) VALUES ('Cleaning', 50);